name,address,city,postal_code,phone_number,email,birthdate,last_active,latitude,longitude,active
Devin Ayers,574 Rodriguez Flats,Marissaburgh,72518,302.579.1101,michael21@gmail.com,1945-04-29,1988-07-20 12:20:02,23.977517,6.821093,true
Danielle Chan,27787 Choi Crossroad,North Jennifer,26524,+1-491-109-3462x763,qthomas@morgan.com,1926-03-26,2001-11-01 12:22:21,-88.9259655,174.190847,true
Kelly Waters,0304 Howard Ridges Suite 477,Karenmouth,04478,+1-627-463-3864x228,courtneydixon@patel.biz,1952-04-08,1974-12-17 18:35:28,-62.7101895,147.328026,true
Kelly Murphy,0565 Vance Common Apt. 265,Murphyville,12413,(146)723-0321x69187,brendacole@duncan.com,1943-08-09,2000-09-30 12:51:24,-75.298845,82.959350,true
Mrs. Barbara Flynn,5022 Key Extension Suite 291,Scottburgh,46321,840-548-0843x9833,petersenemily@hotmail.com,1954-03-14,2009-10-04 14:55:50,45.9060425,160.760714,true
Jennifer Ortega,495 Patricia Bridge Suite 907,Murphyborough,79111,175.074.3616,ulowe@yahoo.com,2009-11-09,2001-04-21 23:34:54,47.3950135,176.226206,true
Glen Lozano,6116 Brian Underpass Suite 016,Lake Stevenberg,88989,570.056.6505,fernandezjames@hotmail.com,1937-08-07,1978-06-05 12:39:56,-60.337270,37.940523,true
Katherine Wilson,53042 Ashley Vista,Hayesport,14370,191.161.4472,chapmanstephen@taylor.com,2014-04-21,2004-12-29 14:55:30,71.939370,-46.476537,false
Adriana Perez,014 Timothy Unions,Williamsshire,97518,(731)298-7437,hernandezmichael@mack-aguilar.info,1933-12-25,2015-12-09 13:31:30,-36.649878,49.739236,false
Shannon Jensen,79660 Todd Spring,North Scott,79668,187-221-2068,harrisoncynthia@yahoo.com,1934-08-29,2018-07-13 02:21:52,3.409360,141.331229,false
Deanna Thomas,3838 Andrea Isle Suite 909,East Judith,95803,+1-041-184-9457x74202,anna27@gmail.com,1906-06-06,2001-04-11 04:02:16,22.9513535,-143.278174,true
James Edwards,30691 Darin Junctions Apt. 080,Hernandezfurt,70843,7084186051,glennpowell@miller-white.com,1974-02-21,1986-08-30 23:40:46,-2.802442,2.334704,false
Nancy Castillo,088 Wallace Brooks,Port Ashleyside,34143,+1-215-694-8142x74874,felicia61@hotmail.com,1927-03-26,1985-02-15 22:19:06,22.108049,9.360949,false
Joseph Molina,8523 Megan Viaduct,Macdonaldberg,96446,8073772453,tylerblack@peters.com,1981-09-04,2000-12-09 03:56:38,61.9235055,-164.956316,false
Emily Burgess,58879 Johnathan Plain,West Sharonberg,11567,772.832.6096x02101,ryanjennifer@yahoo.com,2008-04-26,2019-05-07 20:58:57,54.477012,63.339701,true
John Sanchez,91491 Nichols Oval,Donnastad,36804,(585)333-5702x446,knightsean@gonzalez.info,1912-12-12,2010-03-15 06:28:57,59.0498335,169.810432,false
Christopher Chen,69999 Jackson Crossing,Huntermouth,80222,031-110-3719x87413,maria11@hernandez.com,1960-08-07,1978-09-08 04:03:50,31.4352265,-40.969801,false
Julie Young,06243 Emily Valleys Suite 368,South Russellmouth,07213,(462)243-2420x5353,nchavez@martinez.com,1982-05-17,2006-01-31 23:05:15,-26.303701,89.570160,false
Joseph Allen,5995 Henry Locks,Lucashaven,35845,(503)743-2042,weaveralejandra@gmail.com,2009-05-15,1985-03-18 01:00:20,-22.5148045,-56.156113,true
Willie Henderson,50290 Goodman Springs,North Marie,32411,+1-784-079-6298x798,dharris@adams.biz,1987-05-19,1971-11-14 21:41:14,-29.4672065,-5.612877,false
Michael Simpson,34390 Mark Trace,Smithshire,03212,+1-848-975-0449x7277,fgriffin@stanley-foster.org,1939-09-14,1990-03-01 11:06:42,59.0279985,119.688979,true
Alec Foster,34763 Thomas Villages,Matthewborough,92432,(420)403-0695x2641,qwagner@yahoo.com,1996-11-30,1970-10-30 23:32:07,21.1606875,37.789883,true
Alexander Jones,1892 Adriana Pike Apt. 852,Huntertown,35314,001-920-602-0488x1922,ikelly@dean.com,1916-01-13,1992-08-22 02:58:08,70.5336865,-171.548982,false
Gregory Clarke,15894 Baldwin Drive Suite 340,Jamesmouth,26560,001-660-427-5720x290,danny80@yahoo.com,2018-10-03,1990-09-10 14:30:18,-28.446131,122.922266,true
Anna Hernandez,0977 Arroyo Inlet Suite 224,Meyersside,27744,890-036-5491x67958,karen50@ryan.com,1943-10-29,1975-03-09 13:08:55,61.7035275,89.265950,false
Ernest Byrd,11868 Wagner Neck,East Devinburgh,94233,829.229.5399,hreyes@hotmail.com,1957-11-11,1992-04-20 17:16:13,-20.184594,-44.277707,false
Chad Rivera,1438 Angel Street Apt. 531,South Ashleymouth,23071,(729)798-7556,phillipsjames@yahoo.com,1945-10-31,2013-09-23 22:12:31,71.153535,7.708157,true
Angelica Mcbride,4205 Huffman Springs Suite 321,North Jeremyburgh,05064,(787)283-2544,mossrobin@hotmail.com,1954-12-07,2010-06-02 00:02:26,5.6526075,24.066786,false
Donald Patterson,1738 Palmer Throughway Suite 747,West Lorimouth,15419,001-178-114-1007x41758,kirbyanthony@hotmail.com,2011-09-09,1988-05-09 14:28:34,52.950202,-134.337390,true
Sabrina Spencer,05045 Richard Freeway Apt. 662,Port Amy,42604,477.036.5827,cmadden@yahoo.com,1994-06-15,2006-11-23 02:51:24,-36.0072495,-89.014401,true
Joshua Scott,5874 Barrera Corner,West Richard,83913,2360743940,jacob21@yahoo.com,1923-06-06,1980-01-06 21:12:28,56.4121055,-107.432782,false
Mr. John Prince,609 Perry Valleys Suite 890,West Shawnshire,89380,250.483.8661x353,pamela65@mckinney.info,1937-05-11,2012-04-06 18:27:49,19.788351,122.186948,false
Barbara Hicks,88413 Matthew Square Suite 735,West Heatherberg,83157,337-528-8576x9148,abell@price.com,1973-07-24,1994-06-16 23:39:01,-55.1926895,164.055673,true
Danielle Holland,211 Johnson Hollow,Caitlinfurt,76337,558-465-5751x502,craigdavid@yahoo.com,1947-08-26,1986-02-14 00:29:24,25.910549,162.479514,false
Jason Farley,41738 Terri Extension,Bushborough,91281,381.208.3838x062,vasquezbrittney@hotmail.com,1972-09-25,1983-06-21 21:24:48,-12.704537,104.194112,true
Kayla Thompson,8952 Adrian Manor,Hernandezbury,89158,+1-785-302-2717x87528,jacksonbarbara@hotmail.com,2015-08-14,2001-02-21 07:03:15,48.0018465,-64.888188,false
Mrs. Tanya Miller,4292 Linda Estates Suite 790,West Mistyborough,34859,581-789-2817x782,shelleycraig@bailey.org,1983-11-13,2020-04-20 09:50:41,-46.9694545,-24.512259,false
Jason Obrien,43855 Heather Estate Apt. 291,South Michellestad,06553,814.725.7293,kelseynewman@gmail.com,1969-06-15,2009-11-25 05:58:35,61.159148,-115.598399,true
Andrew Curtis,637 Lane Mountains Suite 295,Simmonsside,64612,+1-736-375-7239,markmartin@duncan.org,1956-02-28,1978-02-28 16:15:00,-84.8608235,-173.324567,true
Lori Figueroa,49341 David Springs,North Allen,04381,(182)809-7703,deanmartha@garcia.com,1964-05-27,1979-10-18 14:50:31,-67.0613245,-90.597008,true
Dr. Ryan Bruce DDS,8756 Devon Ville Suite 387,Michaelberg,78661,353-505-1560x7493,lcollins@cole.com,1975-04-22,1982-05-23 22:02:37,70.142056,124.923206,true
Julie Berry,24018 Ann Roads Apt. 983,North Markstad,92258,(623)034-8021,codykennedy@yahoo.com,1981-11-08,1979-12-31 08:07:55,25.269353,-94.044679,true
Rachel Smith,9706 Morris Shores Apt. 194,East Michellechester,85660,(406)358-9669x0617,valerie57@gmail.com,1932-11-22,2002-12-26 17:59:17,1.0802945,-21.620783,false
Tiffany Mcmahon,4622 Jenkins Plains,Brianhaven,60586,0238456158,caitlinpage@decker.org,1930-12-13,1996-01-27 16:59:47,-56.5306335,-37.243045,false
Jerome Taylor,8526 Young Passage Apt. 691,West Tonya,39324,+1-027-054-4845,dianebanks@ware-ramos.org,2007-05-22,1989-11-12 05:28:45,-19.167933,-80.384937,false
Laura Lee,095 Ronald Shoals Apt. 644,Cameronburgh,06694,613.216.9964,ipetersen@saunders.net,1991-06-12,1975-02-28 07:29:15,-34.8104605,41.902176,true
Paul Durham,8726 Mcguire Land,Lake Rachel,79356,001-111-236-7277x05886,lindsey55@crosby-horton.com,1983-05-09,1998-12-30 15:16:49,83.5620925,-29.734983,false
Angela King,50526 Kyle Ramp Apt. 018,Fordhaven,16889,768.895.3742x7763,michael98@bennett-rowe.com,1939-02-26,1989-05-03 17:42:24,60.8270795,-155.817114,true
Derrick Cunningham,33984 Reyes Field Suite 096,Mendeztown,77126,0296374533,batesjoseph@yahoo.com,1911-03-05,2016-01-22 12:57:55,3.3772745,-140.399326,false
Nicholas Logan,4367 Wallace Manors,Leblancfurt,44065,(905)323-9398,johnwright@gmail.com,1934-09-12,1974-01-27 01:04:38,9.4869045,76.312475,true
Carmen Patrick,2949 Lisa Landing Apt. 089,East Thomasstad,84813,1478800722,hollandgary@haney.com,1984-02-10,1978-03-10 20:29:10,87.741751,-167.619409,true
Adam Burton,7260 Mitchell Light,Dudleytown,32235,7619904186,pamela24@wright.com,1951-02-05,2009-04-22 18:48:10,-76.236233,26.399453,true
Jenna Ramsey,2945 Jackson Parks,Port Joshuafort,13438,(539)164-7178,cchavez@martinez.com,2005-05-25,2017-10-23 22:59:42,51.4523225,-119.450854,true
Richard Thornton,652 Braun Mountain Suite 864,Port Kristenshire,99094,(946)054-6036x341,harringtontraci@yahoo.com,1959-04-21,1992-11-08 14:44:13,-22.9251575,21.658990,false
Belinda Tanner,012 Horton Bridge Apt. 670,Kellyburgh,68504,+1-949-105-5117x125,hullanne@gmail.com,2018-04-20,2001-12-07 03:18:51,-75.557372,-70.631331,false
Teresa Huerta,13650 Thomas Roads Suite 200,Susanport,58478,337-658-4967x698,moorebrian@yahoo.com,2000-11-28,1979-09-15 06:38:35,57.2752905,-64.622001,true
Savannah Pittman,558 David Mount,South Shari,52306,299.980.2117,mckinneyjessica@gmail.com,1977-07-17,2005-04-11 17:28:42,-78.6790375,2.985911,true
Suzanne Avila,334 Stafford Flat,Karenport,31142,878.309.4658x46432,anthony74@pugh.biz,1930-10-21,1983-12-09 07:28:29,6.817735,-134.286973,false
Eric Davis,491 Anderson Crest Suite 569,New Janetville,42361,546.941.5930x5930,brownshannon@sanchez-schneider.com,1956-11-17,2006-04-18 23:03:49,42.8698385,158.169866,true
Nathaniel Kennedy,2228 Sandra Landing,Gordonland,98901,411-919-6356x530,scontreras@sutton.info,1954-12-17,2005-10-18 01:33:37,-83.3339975,-4.274982,false
Anna Jackson,23094 Roberto Shoals,North Nicholaschester,91982,913.853.3479,hbaker@gmail.com,1966-03-16,1990-08-25 23:41:05,-67.5581875,-94.026878,false
Jennifer Taylor,090 Melissa Vista,Paulmouth,74794,+1-415-831-5634x415,larryburke@roberts.com,1907-06-19,1977-02-16 19:05:40,-79.5937495,79.852820,true
Kelsey Vasquez,05442 Lawrence Parks,Lake Taylor,57921,+1-683-480-5013,jasonparker@yahoo.com,1959-04-17,2000-12-23 20:51:44,38.532912,-37.920119,true
Mallory White,6062 Anthony Harbor,Whiteborough,93503,3865089566,simmonsrobert@fitzgerald.com,2002-03-31,1988-05-11 18:35:28,-49.8856155,-120.670419,false
George Becker,57172 Brooks Ridges Suite 993,Dorseyside,76178,6728457454,christophercox@tucker.net,1925-03-04,2007-12-13 05:14:14,-85.6628615,-150.397070,true
Justin Reyes,198 Carr Dam Suite 120,Lake Scott,57361,537.016.1972,cynthiahawkins@rodriguez-larsen.com,1958-12-01,2019-12-25 11:16:43,42.396499,-79.298645,true
Victoria Foster,3212 Mary Estates,East Jasonshire,05641,(268)225-6832x06924,knoxnorma@hamilton.org,1990-03-21,2016-01-10 00:05:23,40.3504825,75.927636,true
Chad Luna,415 Hanson Forks Suite 977,Costaland,08180,016.528.4021x4793,csullivan@williams.com,1989-07-08,1977-06-08 01:07:07,-76.531124,92.068888,true
Raymond Knox,511 Pamela Drives,Carneyside,11769,(405)378-7785,anthonysmith@barr.com,1928-01-31,2003-01-03 02:19:01,69.2566885,-23.083999,false
William Calhoun,506 Wyatt Row,Lake Sean,04073,+1-385-273-4817x1498,blackburnjames@yahoo.com,1945-09-13,2007-01-23 21:24:06,82.2872175,54.435051,false
Charles Miller,652 Clark Lodge,South April,30471,001-395-598-0560x1701,troymoss@yahoo.com,1906-07-28,1988-04-03 03:55:09,-17.571813,69.653341,false
Kimberly Stanton,10368 Rogers Roads,Acevedoville,93338,(107)698-5492x7512,laurie37@gmail.com,1970-10-19,2019-06-29 04:50:19,-78.9979785,-100.526030,false
Jason Myers,1665 Christian Plains,Jenniferland,53188,001-416-688-6637x34493,pattersonchad@palmer.org,1992-08-04,2005-01-07 05:46:04,-79.0846775,33.905255,false
Kyle Ross,386 Denise Course,East Shannon,43619,+1-671-739-2602,bradfordcraig@ross.com,1907-12-02,2009-10-22 15:03:48,-54.062470,-65.882991,true
Brian Brown,593 James Mill Apt. 511,Lake Andreaberg,60892,+1-115-724-2836x36649,ricejessica@hotmail.com,1914-01-19,1984-03-03 13:01:33,-67.8714415,-157.856462,true
John Cobb,9665 Johnson Plain,East Joanfort,73523,(834)501-6318x64207,davidsavage@yahoo.com,1925-12-11,2006-03-30 03:56:10,58.583603,126.382492,true
Chad Ross,60601 Cross Key,Thomasside,60785,001-157-409-8942,tammy87@cooper-ramirez.com,1909-12-30,2018-03-20 22:51:31,-14.0799135,-65.275209,true
Andrew Jackson,85680 Medina Stream Apt. 905,Port Josefurt,69449,(374)790-6767x14338,kerrjoann@yahoo.com,1989-11-29,1992-03-18 15:49:01,45.5602605,-11.593402,true
Hailey Schultz MD,940 Benjamin Island Apt. 674,Holmesland,57374,153.164.2826,tracywhite@yahoo.com,1945-12-05,1983-12-30 05:36:58,-20.7478595,101.420673,true
Jeffrey Hicks,512 Clements Keys Apt. 638,Thomasbury,04059,+1-814-778-9639,keith52@lindsey.com,1971-09-23,1997-10-18 09:45:54,-69.8571155,-140.527025,false
Tammy Garcia,5532 Ho Creek,Amberton,74420,+1-603-460-6428,shanegraves@gmail.com,1915-12-07,2016-04-29 00:31:40,35.7557775,-73.008334,false
Cristian Jones,160 Thomas Crescent,Amberfort,32640,001-484-612-9468,sarahtate@hotmail.com,2016-08-10,1986-10-03 01:50:38,2.0682845,-163.104283,true
Evelyn Hawkins,81021 John Mill,Robertbury,15921,+1-557-499-6378,jeffrey19@gmail.com,1973-06-14,2012-09-19 03:33:22,28.5883865,116.084442,false
Heather Obrien,2182 Kristina Spurs Suite 301,Mariastad,44800,8566765544,hernandezmitchell@gmail.com,1946-03-11,1985-03-19 20:51:34,72.3376645,36.407156,false
Shane Cannon,685 Griffin Manor Suite 732,Walkerstad,84338,3383395981,thomasbrooke@yahoo.com,1964-09-26,2015-05-13 09:49:52,-36.479214,90.289216,true
Andrew Sweeney,681 Clark Inlet,Lake Mark,93020,(141)137-8507x7632,ginafrey@huber-ruiz.com,2008-05-28,1970-04-03 06:41:26,59.745047,12.595631,false
Todd Mullins,404 Anderson View,South Jeffreyport,37967,(684)991-0829x8892,michaelwilson@gmail.com,1907-12-13,2013-10-03 23:29:21,67.9833005,-70.082572,false
Sara Roman,723 Lindsay Curve Apt. 256,East Aaronville,12756,001-887-700-2267x08911,wrightbrittany@duran-moore.biz,1907-04-21,1992-10-18 07:24:24,-50.091587,-145.093188,false
Kathryn Jones,4790 Justin Springs Suite 704,Crystaltown,20796,763-315-9741x01529,bwebster@yahoo.com,1993-08-26,2005-07-07 08:46:10,-61.0100195,-105.140675,false
Thomas Banks,363 Cabrera Orchard,South Timothy,72210,(562)703-6766x508,millercourtney@gmail.com,1956-02-12,1970-12-09 13:09:57,67.0427845,-70.813931,true
Sharon Riddle,84943 Jordan Tunnel Apt. 227,Maryside,34811,171-017-1974x00285,jamiepeterson@williams.com,2014-10-16,2005-12-22 20:25:20,-82.417517,99.138048,false
Anne Smith,94229 Nicholas Ways,Lake Danielchester,47511,854.559.6133x7937,dwayne17@gmail.com,1991-06-25,2013-11-12 09:16:06,-36.156123,-177.424130,false
Angela Booth,753 Hardy Crest Suite 274,North Mandy,19456,+1-399-424-5844x170,michaelwright@yahoo.com,1911-09-03,2001-12-31 21:51:56,-71.7379435,105.938945,true
Timothy Mayo,51427 Lee Rest,Rachelside,88977,+1-601-386-8001,qhoward@lopez-griffin.com,2008-05-10,2002-10-20 03:08:46,75.590771,-69.602440,true
Tara Jennings,1387 Brian Forks,Lake Summerview,24732,759.679.0318x8285,monica63@esparza.org,1950-07-06,1979-04-26 14:53:13,76.2878875,115.287068,true
Alisha Montgomery,9135 Angela Hollow Suite 171,East Christophertown,49746,680-523-8553,jglenn@king.info,1982-07-02,1999-03-31 09:25:23,-7.0809105,-61.914577,false
Jonathan Baker,251 Victoria Fords,South Lawrence,35398,522.096.2978,aaron39@hotmail.com,1909-10-30,1992-07-03 23:00:38,-61.5995845,-87.541908,true
Kelly Knight,57058 Warner Summit Suite 309,Collinsborough,59251,(394)567-8177x8489,udennis@fritz.biz,2018-12-08,2005-01-28 05:41:04,52.522979,-87.663438,true
Shane Ford,25709 Watkins Mountain Suite 549,New Marieburgh,18269,5831648536,mmccarthy@myers.com,1940-03-30,1975-01-08 09:18:35,-71.326531,-119.010084,true
Mariah Kirby,2495 Howard Forges,West Wayne,33606,839.012.2744x815,brandon97@brewer.com,1986-04-12,2006-07-04 02:20:45,36.851236,-142.746433,false
